timestamp,open,high,low,close,volume
2024-07-03,2329.66,2365.11,2326.9,2356.27,335492
2024-07-04,2356.27,2362.65,2350.66,2357.16,139585
2024-07-05,2357.16,2393.08,2347.96,2391.32,383737
2024-07-08,2391.32,2391.32,2351.11,2359.22,324632
2024-07-09,2359.22,2371.7,2349.49,2364.21,319380
2024-07-10,2364.21,2386.82,2362.29,2371.1,272958
2024-07-11,2371.1,2424.72,2371.09,2415.52,455578
2024-07-12,2415.52,2418.41,2391.58,2411.82,388497
2024-07-15,2411.82,2440,2401.48,2422.45,416636
2024-07-16,2422.45,2469.84,2420.11,2468.9,431525
2024-07-17,2468.9,2483.88,2451.63,2459.06,523126
2024-07-18,2459.06,2475.08,2440.48,2445.48,437313
2024-07-19,2445.48,2445.57,2393.92,2398.76,490122
2024-07-22,2398.76,2412.3,2384.02,2396.6,377219
2024-07-23,2396.6,2412.21,2388.4,2409.61,341474
2024-07-24,2409.61,2432.19,2396.89,2397.23,404438
2024-07-25,2397.23,2401.29,2353.22,2364.59,629994
2024-07-26,2364.59,2390.92,2355.96,2387.95,411143
2024-07-29,2387.95,2403,2369.66,2384.19,431425
2024-07-30,2384.19,2413.07,2376.58,2411.01,418496
2024-07-31,2411.01,2451.21,2404,2447.8,556745
2024-08-01,2447.8,2462.47,2430.29,2446.51,641430
2024-08-02,2446.51,2477.79,2410.97,2441.98,792969
2024-08-05,2441.98,2458.84,2364.27,2410.12,1012137
2024-08-06,2410.12,2418.43,2381.63,2390.67,698642
2024-08-07,2390.67,2407.2,2379.18,2383.12,502267
2024-08-08,2383.12,2427.8,2381.13,2427.66,514985
2024-08-09,2427.66,2437.2,2416.96,2430.36,388268
2024-08-12,2430.36,2473.28,2423.9,2472.73,315519
2024-08-13,2472.73,2477,2458.67,2465.14,341474
2024-08-14,2465.14,2480,2438.22,2447.85,408028
2024-08-15,2447.85,2470.28,2432.32,2456.78,395836
2024-08-16,2456.78,2509.9,2450.96,2506.99,394271
2024-08-19,2506.99,2510.29,2485.78,2504.36,344408
2024-08-20,2504.36,2531.84,2497.54,2514.22,388517
2024-08-21,2514.22,2520.08,2493.87,2512.47,372281
2024-08-22,2512.47,2514.82,2470.99,2484.9,375894
2024-08-23,2484.9,2518.5,2484.27,2511.11,423790
2024-08-26,2511.11,2527.24,2508.84,2518.23,306595
2024-08-27,2518.23,2526.13,2503.69,2524.77,314781
2024-08-28,2524.77,2529.19,2493.74,2504.71,320979
2024-08-29,2504.71,2528.87,2503.1,2521.36,362905
2024-08-30,2521.36,2527.07,2494.24,2502.57,400673
2024-09-02,2502.57,2507.44,2490.18,2504.4,174735
2024-09-03,2504.4,2506.5,2473.41,2493.12,434476
2024-09-04,2493.12,2500.37,2471.98,2495.86,386596
2024-09-05,2495.86,2523.63,2493.92,2517.08,356717
2024-09-06,2517.08,2529.42,2485.24,2496.37,506856
2024-09-09,2496.37,2507.39,2485.6,2506.52,361903
2024-09-10,2506.52,2518.7,2500.26,2516.87,314854
2024-09-11,2516.87,2529.18,2500.98,2511.89,445159
2024-09-12,2511.89,2560.31,2511.19,2558.91,434606
2024-09-13,2558.91,2586.22,2556.77,2580.81,382478
2024-09-16,2580.81,2589.79,2575.39,2582.72,279677
2024-09-17,2582.72,2587.04,2560.81,2569.52,340546
2024-09-18,2569.52,2600.37,2547.03,2559.08,525718
2024-09-19,2559.08,2595.01,2551.22,2586.93,502000
2024-09-20,2586.93,2626,2584.8,2621.39,418813
2024-09-23,2621.39,2635.02,2613.97,2628.87,374458
2024-09-24,2628.87,2664.55,2622.79,2657.46,474913
2024-09-25,2657.46,2670.74,2649.87,2657.45,423985
2024-09-26,2657.45,2685.68,2654.96,2672.52,483864
2024-09-27,2672.52,2674.5,2643.33,2653.69,502184
2024-09-30,2653.69,2666.15,2624.81,2634.91,478948
2024-10-01,2634.91,2673.35,2632.13,2663.56,410538
2024-10-02,2663.56,2663.59,2641.15,2658.92,362805
2024-10-03,2658.92,2663.16,2636.69,2656.32,433508
2024-10-04,2656.32,2670.36,2632.14,2652.11,444479
2024-10-07,2652.11,2659.78,2637.91,2642.73,417107
2024-10-08,2642.73,2653,2605,2621.87,553865
2024-10-09,2621.87,2624.47,2605.33,2607.92,393620
2024-10-10,2607.92,2631.65,2602.07,2630.08,440368
2024-10-11,2630.08,2661.61,2628.29,2656.84,344999
2024-10-14,2656.84,2667.05,2643.29,2649.1,314061
2024-10-15,2649.1,2669.11,2638.17,2662.75,404194
2024-10-16,2662.75,2685.55,2658.83,2674,387106
2024-10-17,2674,2696.86,2673.19,2693.14,523400
2024-10-18,2693.14,2722.16,2692.23,2721.58,545508
2024-10-21,2721.58,2740.7,2714.36,2719.72,640880
2024-10-22,2719.72,2749.13,2718.82,2748.79,439872
2024-10-23,2748.79,2758.62,2708.82,2715.68,528613
2024-10-24,2715.68,2743.46,2715.04,2736.36,437189
2024-10-25,2736.36,2746.22,2717.19,2745.46,386356
2024-10-28,2745.46,2746.14,2724.8,2742.58,378023
2024-10-29,2742.58,2775.1,2739.89,2774.93,512967
2024-10-30,2774.93,2790.22,2771.02,2787.67,534560
2024-10-31,2787.67,2790.36,2731.72,2744.11,605612
2024-11-01,2744.11,2762.4,2733.31,2734.74,588763
2024-11-04,2734.74,2748.39,2730.06,2736.74,486365
2024-11-05,2736.74,2750.13,2724.84,2744.3,442396
2024-11-06,2744.3,2749.9,2652.53,2659.32,1035356
2024-11-07,2659.32,2710.6,2643.4,2706.6,694833
2024-11-08,2706.6,2710.55,2680.43,2684.01,511611
2024-11-11,2684.01,2686.33,2610.77,2619.07,557093
2024-11-12,2619.07,2627.3,2589.74,2598.37,560360
2024-11-13,2598.37,2619,2572.7,2573.08,598711
2024-11-14,2573.08,2581.48,2536.94,2565.11,706034
2024-11-15,2565.11,2576.22,2554.48,2561.73,604312
2024-11-18,2561.73,2615.25,2561.73,2612.1,530917
2024-11-19,2612.1,2639.6,2610.39,2632.31,582032
2024-11-20,2632.31,2655.59,2618.99,2650.62,504036
2024-11-21,2650.62,2673.7,2648.99,2670.05,484089
2024-11-22,2670.05,2712.18,2668.24,2712.18,697449
2024-11-25,2712.18,2721.55,2615.74,2625.37,792134
2024-11-26,2625.37,2642.22,2605.39,2633.15,661344
2024-11-27,2633.15,2658.4,2627.18,2636.2,484647
2024-11-28,2636.2,2649.84,2621.09,2637.57,292769
2024-11-29,2637.57,2666.46,2634.17,2650.33,439108
2024-12-02,2650.33,2651.99,2622.03,2639.11,626616
2024-12-03,2639.11,2655.76,2634.24,2643.82,541669
2024-12-04,2643.82,2657.38,2632.55,2650.07,550064
2024-12-05,2650.07,2655.73,2623.7,2632.1,499228
2024-12-06,2632.1,2645.82,2613.15,2633.07,560106
2024-12-09,2633.07,2676.7,2627.67,2660.42,536716
2024-12-10,2660.42,2695.78,2658.05,2694.3,477391
2024-12-11,2694.3,2721.4,2675.05,2718.48,535966
2024-12-12,2718.48,2726.34,2675.26,2681.08,554793
2024-12-13,2681.08,2692.95,2646.24,2650.03,521093
2024-12-16,2650.03,2664.55,2643.64,2653.03,421582
2024-12-17,2653.03,2658.83,2633.12,2646.29,444856
2024-12-18,2646.29,2651.9,2583.9,2585.52,480887
2024-12-19,2585.52,2626.63,2582.11,2594.3,669530
2024-12-20,2594.3,2632.09,2589.83,2621.85,462426
2024-12-23,2621.85,2633.45,2608.29,2613.04,356134
2024-12-24,2613.04,2621.58,2610.2,2616.69,202254
2024-12-26,2616.69,2639.22,2616.69,2633.7,191445
2024-12-27,2633.7,2638.41,2611.74,2619.03,292965
2024-12-30,2619.03,2628.23,2596.28,2605.92,407647
2024-12-31,2605.92,2627.73,2602.8,2624.1,324847
2025-01-02,2624.1,2660.69,2624.1,2658.21,500230
2025-01-03,2658.21,2665.44,2636.77,2640.17,459828
2025-01-06,2640.17,2649.67,2614.58,2636.54,508669
2025-01-07,2636.54,2664.48,2633.02,2648.87,514987
2025-01-08,2648.87,2670.34,2645.44,2661.94,484356
2025-01-09,2661.94,2678.61,2655.63,2670.5,338853
2025-01-10,2670.5,2698.2,2663.81,2689.23,655897
2025-01-13,2689.23,2693.48,2656.9,2663.33,681178
2025-01-14,2663.33,2678.29,2659.95,2677.04,597226
2025-01-15,2677.04,2697.49,2669.49,2696.99,676069
2025-01-16,2696.99,2724.85,2690.05,2714.49,656645
2025-01-17,2714.49,2717.51,2699.11,2702.45,553584
2025-01-20,2702.45,2713.98,2689.4,2706.66,493501
2025-01-21,2706.66,2746.14,2702.95,2745.13,584900
2025-01-22,2745.13,2763.59,2741.92,2756.39,496966
2025-01-23,2756.39,2759.13,2735.94,2754.94,528506
2025-01-24,2754.94,2786.1,2753.5,2771.8,571790
2025-01-27,2771.8,2772.77,2730.59,2740.73,667590
2025-01-28,2740.73,2765.22,2734.92,2763.6,520249
2025-01-29,2763.6,2766.35,2744.93,2759.8,581882
2025-01-30,2759.8,2798.77,2757.6,2794.99,681783
2025-01-31,2794.99,2817.4,2791.1,2799.89,708502
2025-02-03,2799.89,2830.84,2772.3,2814.84,843433
2025-02-04,2814.84,2845.52,2807.23,2842.69,702651
2025-02-05,2842.69,2882.51,2839.73,2866.73,607271
2025-02-06,2866.73,2873.44,2834.32,2856.27,678212
2025-02-07,2856.27,2886.9,2852.57,2861.12,681141
2025-02-10,2861.12,2912.13,2855.88,2908.25,569568
2025-02-11,2908.25,2942.88,2881.64,2897.64,827034
2025-02-12,2897.64,2909.36,2864.16,2904.63,678132
2025-02-13,2904.63,2929.64,2900.62,2927.71,569508
2025-02-14,2927.71,2940.18,2877.12,2883.14,671334
2025-02-17,2883.14,2906.6,2878.98,2898.14,308990
2025-02-18,2898.14,2937.2,2891.96,2935.67,407077
2025-02-19,2935.67,2947.12,2918.75,2933.68,505810
2025-02-20,2933.68,2955.11,2924.17,2939.48,515212
2025-02-21,2939.48,2949.85,2916.9,2937.73,503927
2025-02-24,2937.73,2956.43,2921,2953.2,478555
2025-02-25,2953.2,2953.67,2888.37,2915.14,599559
2025-02-26,2915.14,2930.34,2891,2916.71,440770
2025-02-27,2916.71,2920.95,2867.9,2877.55,614020
2025-02-28,2877.55,2885.3,2832.7,2857.73,503119
2025-03-03,2857.73,2895.34,2857.66,2891.52,447624
2025-03-04,2891.52,2928.13,2881.98,2917.73,499999
2025-03-05,2917.73,2930.08,2894.42,2919.54,496700
2025-03-06,2919.54,2926.77,2891.3,2911.86,506968
2025-03-07,2911.86,2930.72,2896.43,2911.7,442648
2025-03-10,2911.7,2918.4,2880.4,2889.01,474995
2025-03-11,2889.01,2922.45,2879.97,2916.35,399767
2025-03-12,2916.35,2940.8,2906.18,2934.1,373115
2025-03-13,2934.1,2989.48,2933.04,2988.38,431499
2025-03-14,2988.38,3005.18,2978.66,2988.25,364001
2025-03-17,2988.25,3002.03,2982.4,3001.24,263728
2025-03-18,3001.24,3038.51,2999.61,3034.76,313099
2025-03-19,3034.76,3052.27,3023.04,3047.69,294064
2025-03-20,3047.69,3057.67,3025.85,3045.1,328765
2025-03-21,3045.1,3047.76,2999.64,3023.35,326413
2025-03-24,3023.41,3033.6,3002.7,3010.86,320314
2025-03-25,3010.86,3036.35,3007.61,3020.17,269645
2025-03-26,3020.17,3032.33,3012.47,3019.81,305374
2025-03-27,3019.81,3060,3017.82,3056.46,513684
2025-03-28,3056.46,3087.05,3054.28,3083.7,513024
2025-03-31,3083.7,3128.18,3077,3123.69,499359
2025-04-01,3123.69,3149.2,3101.05,3114.19,492686
2025-04-02,3114.19,3143.46,3104.69,3134.6,460017
2025-04-03,3134.6,3168.2,3054.35,3115.36,886044
2025-04-04,3115.36,3137,3015.86,3036.22,833534
2025-04-07,3036.22,3055.98,2956.5,2983.42,1034513
2025-04-08,2983.42,3022.91,2974.85,2983.28,632047
2025-04-09,2983.28,3099.89,2970.09,3082.87,1052498
2025-04-10,3082.87,3176.71,3071.39,3176.1,771922
2025-04-11,3176.1,3245.7,3176.1,3236.23,877400
2025-04-14,3236.23,3246.03,3193.78,3210.88,508136
2025-04-15,3210.88,3233.9,3210.04,3230.34,381320
2025-04-16,3230.34,3343.47,3230.04,3343.35,583848
2025-04-17,3343.35,3358.17,3284.01,3326.96,609544
2025-04-21,3326.96,3430.92,3326.96,3424.8,581449
2025-04-22,3424.8,3500.46,3367,3379.72,864934
2025-04-23,3379.72,3386.87,3260.19,3288.92,932882
2025-04-24,3288.92,3367.79,3288.92,3348.98,638440
2025-04-25,3348.98,3370.7,3265.18,3314.8,625321
2025-04-28,3314.8,3353.26,3268.05,3344.16,625349
2025-04-29,3344.16,3348.6,3299.89,3317.54,456311
2025-04-30,3317.54,3328.22,3266.99,3288.67,524840
2025-05-01,3288.67,3290.41,3202.05,3239,549223
2025-05-02,3239,3269.52,3222.96,3239.59,578184
2025-05-05,3239.59,3337.98,3237.44,3333.82,474161
2025-05-06,3333.82,3435.41,3323.45,3431.77,536455
2025-05-07,3431.77,3431.77,3360.06,3365.07,635825
2025-05-08,3365.07,3414.95,3288.9,3305.78,641874
2025-05-09,3305.78,3347.75,3274.85,3329.27,577656
2025-05-12,3329.27,3329.27,3208.05,3235.67,895634
2025-05-13,3235.67,3265.88,3216.15,3250.4,532377
2025-05-14,3250.4,3257.32,3168.23,3177.54,604924
2025-05-15,3177.54,3240.86,3120.74,3240.16,509962
2025-05-16,3240.16,3252.35,3154.2,3198.99,490481
2025-05-19,3198.99,3250.08,3198.99,3229.9,447483
2025-05-20,3229.9,3296.1,3204.85,3289.82,442859
2025-05-21,3289.82,3325.17,3285.62,3314.87,498709
2025-05-22,3314.87,3345.58,3279.12,3295.34,622974
2025-05-23,3295.34,3366.18,3287.1,3358.46,506992
2025-05-26,3358.46,3358.46,3323.81,3342.49,249300
2025-05-27,3342.49,3350.16,3285.46,3300.69,422184
2025-05-28,3300.69,3325.76,3275.88,3286.76,468724
2025-05-29,3286.76,3331,3245.56,3317.88,522309
2025-05-30,3317.88,3322.91,3271.84,3292.32,461723
2025-06-02,3289.24,3383.19,3289.24,3381.73,464915
2025-06-03,3381.73,3392.41,3333.29,3353.38,421371
2025-06-04,3353.38,3384.98,3344.01,3372.38,417364
2025-06-05,3372.38,3403.8,3339.46,3352.4,638420
2025-06-06,3352.4,3375.92,3307.24,3311.37,545388
2025-06-09,3311.37,3338.45,3293.74,3325.78,375522
2025-06-10,3325.78,3349.39,3302.1,3323.31,433957
2025-06-11,3323.31,3361,3315.74,3355.1,482054
2025-06-12,3355.1,3399.27,3338.77,3385.9,559020
2025-06-13,3385.9,3447.07,3379.87,3434.22,711570
2025-06-16,3434.22,3451.52,3382.85,3384.98,519759
2025-06-17,3384.98,3403.62,3366.4,3388.52,497403
2025-06-18,3388.52,3400.38,3362.82,3369.28,461809
2025-06-19,3369.28,3388.26,3347.72,3370.81,320508
2025-06-20,3370.81,3374.81,3340.62,3368.32,357370
2025-06-23,3368.32,3394.73,3347.05,3368.88,530210
2025-06-24,3368.88,3369.41,3295.36,3323.4,575721
2025-06-25,3323.4,3337.41,3312.21,3332.87,343987
2025-06-26,3332.87,3350.61,3310.18,3328.38,419790
2025-06-27,3328.38,3328.38,3255.95,3273.7,544160
2025-06-30,3273.7,3309.81,3246.69,3303.06,483901
2025-07-01,3303.06,3358.3,3302.37,3338.65,551289
2025-07-02,3338.65,3360.39,3327.87,3357.67,426358
2025-07-03,3357.67,3365.9,3311.86,3325.99,434407
2025-07-04,3325.99,3345.35,3323.8,3336.56,175255
2025-07-07,3336.56,3343,3296.59,3337.12,448332
2025-07-08,3337.12,3346.07,3287.28,3301.49,462820
2025-07-09,3301.49,3317.12,3282.91,3313.57,395155
2025-07-10,3313.57,3330.56,3310.37,3324.09,398132
2025-07-11,3324.09,3369.06,3322.11,3358.29,546838
2025-07-14,3358.29,3375.22,3341.26,3343.45,420574
2025-07-15,3343.45,3366.62,3320.41,3323.88,417773
2025-07-16,3323.88,3377.78,3319.94,3347.07,562282
2025-07-17,3347.07,3352.6,3309.99,3338.82,392723
2025-07-18,3338.82,3361.4,3332.01,3351.31,336603
2025-07-21,3351.31,3401.8,3345.27,3396.9,442137
2025-07-22,3396.9,3433.76,3383.58,3431.43,503015
2025-07-23,3431.43,3439.18,3381.7,3386.99,569605
2025-07-24,3386.99,3393.65,3351.66,3368.33,495047
2025-07-25,3368.33,3373.7,3325.18,3338.69,425404
2025-07-28,3338.69,3345.65,3302.04,3314.25,499074
2025-07-29,3314.25,3334.4,3308.32,3326.22,444485
2025-07-30,3326.22,3334.29,3268.22,3275.07,590021
2025-07-31,3275.07,3315.11,3273.58,3289.84,500484
2025-08-01,3289.84,3363.13,3281.87,3362.87,582044
2025-08-04,3362.87,3385.7,3345.11,3373.69,402138
2025-08-05,3373.69,3390.79,3350.01,3380.62,355912
2025-08-06,3380.62,3385.62,3358.31,3369.06,370866
2025-08-07,3369.06,3402.11,3365.53,3396.86,663869
2025-08-08,3396.86,3407.69,3376,3397.6,1177587
2025-08-11,3397.6,3405.39,3341.36,3342.6,734998
2025-08-12,3342.6,3359.49,3331.31,3347.99,590225
2025-08-13,3347.99,3371.09,3342.82,3355.59,388088
2025-08-14,3355.59,3375.1,3330.1,3335.65,507578
2025-08-15,3335.65,3349.01,3332.44,3336.51,338532
2025-08-18,3336.51,3358.72,3323.69,3332.6,344301
2025-08-19,3332.6,3345.6,3315.16,3315.87,332520
2025-08-20,3315.87,3350.52,3311.75,3347.54,341233
2025-08-21,3347.54,3352.42,3325.4,3338.57,349752
2025-08-22,3338.57,3379.11,3321.69,3371.92,474177
2025-08-25,3371.92,3376.55,3360.05,3365.8,272885
2025-08-26,3365.8,3393.91,3351.6,3393.52,449559
2025-08-27,3393.52,3399.03,3373.92,3397.26,395486
2025-08-28,3397.26,3423.4,3384.8,3416.22,463871
2025-08-29,3416.22,3454.3,3404.51,3449.71,575077
2025-09-01,3449.71,3490.17,3437.23,3476.54,462823
2025-09-02,3476.54,3540,3470.2,3532.61,857871
2025-09-03,3532.61,3578.83,3526.59,3558.81,773477
2025-09-04,3558.81,3564.34,3511.32,3545.9,674062
2025-09-05,3545.9,3600.44,3540.29,3590.23,878564
2025-09-08,3590.23,3646.8,3579.91,3635.28,761807
2025-09-09,3635.28,3675.24,3625.01,3625.01,873479
2025-09-10,3625.01,3657.85,3620.17,3640.33,636256
2025-09-11,3640.33,3649.47,3612.59,3633.8,699074
2025-09-12,3633.8,3657.01,3630.77,3642.7,559149
2025-09-15,3642.7,3685.85,3626.78,3678.2,620511
2025-09-16,3678.2,3703.41,3674.92,3688.96,645604
2025-09-17,3688.96,3707.94,3646.38,3659.08,890694
2025-09-18,3659.08,3673.33,3628.24,3644.38,685750
2025-09-19,3644.38,3685.58,3632.6,3684.96,569547
2025-09-22,3684.96,3749.18,3683.9,3745.9,546682
2025-09-23,3745.9,3791.4,3736.89,3763.43,799293
2025-09-24,3763.43,3779.52,3717.71,3735.91,668409
2025-09-25,3735.91,3761.91,3722.35,3748.81,760105
2025-09-26,3748.81,3784.06,3734.69,3762.6,698403
2025-09-29,3762.6,3834.47,3760.36,3833.17,843519
2025-09-30,3833.17,3872.06,3793.27,3858.5,812077
2025-10-01,3858.5,3895.7,3853.55,3865.13,780812
2025-10-02,3865.13,3897.63,3819.72,3855.73,736882
2025-10-03,3855.73,3891.96,3838.31,3885.17,657957
2025-10-06,3885.17,3970,3884.08,3960.2,868817
2025-10-07,3960.2,3991.38,3941.22,3984.3,940809
2025-10-08,3984.3,4059.62,3982.7,4040.6,861651
2025-10-09,4040.6,4058.38,3944.56,3975.55,1274222
2025-10-10,3975.55,4023.34,3946.98,4013.21,1226952
2025-10-13,4013.21,4117.59,4007.04,4110.24,835962
2025-10-14,4110.24,4180.11,4090.03,4141.84,1243879
2025-10-15,4141.84,4218.6,4139.94,4207.2,871466
2025-10-16,4207.2,4331.2,4199.78,4328.1,990492
2025-10-17,4328.1,4379.89,4185.88,4246.8,1818141
2025-10-20,4246.8,4381.95,4218.97,4355.8,1193400
2025-10-21,4355.8,4375.92,4083.07,4125.59,1718323
2025-10-22,4125.59,4161.77,4003.66,4098.34,1729286
2025-10-23,4098.34,4155.11,4066.02,4126.22,1072715
2025-10-24,4126.22,4144.66,4044.13,4109.1,1069936
2025-10-27,4109.1,4109.18,3971.61,3981.62,1238153
2025-10-28,3981.62,4020,3886.67,3952.45,1081633
2025-10-29,3952.45,4030.45,3915.46,3929.56,1176872
2025-10-30,3929.56,4027.53,3915.48,4024.36,1127447
2025-10-31,4024.36,4046.59,3972.37,4003.55,966583
2025-11-03,4003.55,4030.96,3962.34,4001.67,955010
2025-11-04,4001.67,4006.59,3928.95,3931.94,1034038
2025-11-05,3931.94,3990.78,3929.71,3979.75,794477
2025-11-06,3979.75,4020.01,3964.73,3977.07,891892
2025-11-07,3977.07,4027.83,3974.91,4000.58,731182
2025-11-10,4000.58,4117,3999,4115.85,930151
2025-11-11,4115.85,4149.39,4097.39,4126.86,827965
2025-11-12,4126.86,4212.09,4099.12,4195.56,1065541
2025-11-13,4195.56,4245.47,4145.49,4171.27,1481984
2025-11-14,4171.27,4211.69,4032.45,4080.7,1680838
2025-11-17,4080.7,4106.8,4007.2,4045.26,1097628
2025-11-18,4045.26,4082.84,3998.14,4067.35,1307897
2025-11-19,4067.35,4133.2,4055.74,4077.86,1315437
2025-11-20,4077.86,4110,4039.11,4076.75,1456147
2025-11-21,4076.75,4101,4022.33,4065.1,1491613
2025-11-24,4065.1,4140.34,4040.23,4135.28,926602
2025-11-25,4135.28,4159.61,4109.79,4130.65,1070368
2025-11-26,4130.65,4173.7,4129.9,4163.2,809473
2025-11-27,4163.2,4169.36,4142.89,4158.57,667460
2025-11-28,4158.57,4240.15,4154.67,4238.21,566158
2025-12-01,4238.21,4264.92,4205.54,4231.8,1637857
2025-12-02,4231.8,4236.35,4163.88,4206.21,1193833
2025-12-03,4206.21,4241.86,4194.8,4203.21,1376415
2025-12-04,4203.21,4219.95,4174.97,4208.3,1316950
2025-12-05,4208.3,4259.6,4192.29,4194.84,1005827
2025-12-08,4197.91,4219.38,4176.29,4190.48,1118121
2025-12-09,4190.48,4221.74,4170.34,4207.71,1377203
2025-12-10,4207.71,4238.99,4182,4228.27,1353323
2025-12-11,4228.27,4286.27,4204.46,4280.06,1169467
2025-12-12,4280.06,4353.81,4257.67,4301.34,1506482
2025-12-15,4301.34,4350.68,4285.64,4305.05,1081414
2025-12-16,4305.05,4335.46,4271.49,4302.65,1167252
2025-12-17,4302.65,4349.41,4301.22,4338.12,1141833
2025-12-18,4338.12,4375.11,4308.81,4332.56,2744120
2025-12-19,4332.56,4356.95,4309.26,4338.18,1085442
2025-12-22,4338.18,4449.47,4338.09,4443.5,806125
2025-12-23,4443.5,4500.22,4430.1,4483.76,1340579
2025-12-24,4483.76,4526.37,4448.29,4478.26,1399220
2025-12-26,4478.26,4550.31,4478.26,4532.33,1152794
2025-12-29,4532.33,4549.8,4303.2,4332.44,1613854
2025-12-30,4332.44,4404.63,4323.56,4338,1884618
2025-12-31,4338,4373.58,4274.1,4321.71,1624492
2026-01-02,4321.71,4402.61,4310.14,4328.86,1063316
2026-01-05,4328.86,4456.1,4328.86,4448.75,1623402
2026-01-06,4448.75,4497.67,4427.89,4495.01,1170731
2026-01-07,4495.01,4500.98,4423.82,4456.51,1387881
2026-01-08,4456.51,4480.11,4407.99,4478.24,1351532
2026-01-09,4478.24,4517.56,4453.26,4510.16,1063523
2026-01-12,4510.16,4630.51,4510.16,4598.24,1323859
2026-01-13,4598.24,4635.17,4569.29,4586.43,1204053
2026-01-14,4586.43,4643.5,4586.43,4626.7,1402578
2026-01-15,4626.7,4633.21,4581.47,4615.88,1424334
2026-01-16,4615.88,4621.02,4537.04,4594.7,1151795
2026-01-19,4594.7,4691.45,4594.7,4671.02,708856
2026-01-20,4671.02,4766.76,4659.9,4763.61,1329960
2026-01-21,4763.61,4888.75,4755.49,4832,1623261
2026-01-22,4832,4941.25,4772.86,4936.12,1101739
2026-01-23,4936.12,4990.35,4900.14,4982.87,1067507
2026-01-26,4982.87,5111.42,4982.87,5010.83,1995206
2026-01-27,5010.83,5190.84,5010.83,5179.4,1789544
2026-01-28,5179.4,5419.41,5157.38,5415.38,2255298
2026-01-29,5415.38,5597.6,5104.8,5377.68,2897123
2026-01-30,5377.68,5451.56,4686.59,4860.88,3287476
2026-02-02,4860.88,4884.98,4401.49,4657,3084995
2026-02-03,4657,4994.2,4657,4945.72,2311607
2026-02-04,4945.72,5092.22,4850.05,4963.93,1816487
2026-02-05,4963.93,5024.04,4758.76,4775.8,2492202
2026-02-06,4775.8,4971.28,4655.72,4960.77,1484349
2026-02-09,4960.77,5086.86,4960.77,5059.65,1061623
2026-02-10,5059.65,5079,4987.23,5024.47,1117951
2026-02-11,5024.47,5119.3,5018.91,5084.02,1038528
2026-02-12,5084.02,5099.87,4878.17,4921.3,2171890
2026-02-13,4921.3,5046.61,4887.81,5039.02,1102336
2026-02-16,5039.02,5039.02,4964.02,4993.44,523096
2026-02-17,4993.44,5000.99,4841.43,4879.06,1110310
2026-02-18,4879.06,5011.27,4854.21,4976.59,677412
2026-02-19,4976.59,5022.82,4961.02,4996.39,1497094
2026-02-20,4996.39,5100.74,4981.9,5099.36,893797
2026-02-23,5099.36,5238.57,5099.36,5227.95,896653
2026-02-24,5227.95,5249.81,5093.66,5141.92,979274
2026-02-25,5141.92,5218.16,5121.93,5164.38,831110
2026-02-26,5164.38,5206.05,5129.96,5184.4,1703614
2026-02-27,5184.4,5276.3,5167.15,5274.72,821421
2026-03-02,5274.72,5420,5260.5,5322.92,1631475
2026-03-03,5322.92,5380.3,4996.46,5088.3,2201020
2026-03-04,5088.3,5206.66,5084.97,5140.59,1447514
2026-03-05,5140.59,5195.71,5051.1,5083.97,1276176
2026-03-06,5083.97,5175.03,5063.18,5170.55,1166064
2026-03-09,5172.28,5191.9,5015.2,5139.08,1534492
2026-03-10,5139.08,5239.16,5117.72,5191.11,1032534
2026-03-11,5191.11,5223.57,5149.1,5176.76,820947
2026-03-12,5176.76,5192.18,5055.15,5079.02,2397490
2026-03-13,5079.02,5128.93,5009.89,5025.33,1304487
2026-03-16,5025.33,5038.43,4967.75,5005.18,1408758
2026-03-17,5005.18,5044.93,4973.72,5006.41,1004187
2026-03-18,5006.41,5016.78,4806.87,4818.92,1306665
2026-03-19,4818.92,4867.45,4502.42,4649.79,5066744
2026-03-20,4649.79,4736.93,4477.51,4503.33,2336214
2026-03-23,4500.5,4536.43,4098.39,4407.5,4127335
2026-03-24,4407.5,4484.46,4305.59,4473.98,3048904
2026-03-25,4473.98,4602.84,4455.7,4506.36,1671791
2026-03-26,4506.36,4544.8,4351.3,4381.16,3926092
2026-03-27,4381.16,4555.71,4375.55,4505.89,1449063
2026-03-30,4494.42,4581.18,4417.22,4511.59,1831004
2026-03-31,4511.59,4687.8,4482.67,4669.25,1805245
2026-04-01,4669.25,4793.43,4662,4758.66,1396732
2026-04-02,4758.66,4801,4553.82,4676.8,3983374
2026-04-03,4676.8,4676.8,4672.46,4672.59,101
2026-04-06,4672.59,4707.18,4600.6,4649.54,1037271
2026-04-07,4649.54,4718.98,4607.6,4706.71,1430253
2026-04-08,4706.71,4858.9,4698.95,4720.96,1470161
2026-04-09,4720.96,4801.83,4698.82,4766.33,2196348
2026-04-10,4766.33,4795.65,4730.92,4751.26,942532
2026-04-13,4751.26,4751.26,4643.74,4742.43,917599
2026-04-14,4742.43,4846.82,4742.43,4841.21,858764
2026-04-15,4841.21,4871.37,4786.32,4791.17,939668
2026-04-16,4791.17,4838.93,4772.46,4790.3,1748676
2026-04-17,4790.3,4891.16,4767.72,4835.84,1056166
2026-04-20,4835.84,4835.84,4736.84,4820.7,993298
2026-04-21,4820.7,4833.94,4668.35,4720.3,1185648
2026-04-22,4720.3,4772.8,4715.6,4738.4,751042
2026-04-23,4738.4,4753.86,4664.33,4692.91,2653048
2026-04-24,4692.91,4740.89,4658.16,4707.88,1166312
2026-04-27,4707.88,4730.3,4667.54,4682.44,904931
2026-04-28,4682.44,4701.8,4555.28,4596.1,1247665
2026-04-29,4596.1,4610.71,4510.42,4544.7,1301770
2026-04-30,4544.7,4647.31,4539.41,4622.18,2479862
2026-05-01,4622.18,4660.8,4560.47,4613.75,934478
2026-05-04,4613.75,4629.82,4500.9,4522.27,1275885
2026-05-05,4522.27,4587.17,4513.59,4557,717135
2026-05-06,4557,4723.56,4546.4,4691.58,1087733
2026-05-07,4691.58,4765.26,4685.05,4686,1240267
2026-05-08,4686,4749.93,4682,4716.4,1025261
2026-05-11,4716.4,4749.03,4648.1,4735.73,907948
2026-05-12,4735.73,4774.02,4638.33,4714.73,1114383
2026-05-13,4714.73,4726.73,4669.91,4688.02,954891
2026-05-14,4688.02,4719.12,4644.7,4650.49,953100
2026-05-15,4650.49,4665.9,4510.96,4540.44,1631396
2026-05-18,4540.44,4584.69,4480.42,4567.29,1567277
2026-05-19,4567.29,4589.9,4464.8,4482.5,1229174
2026-05-20,4482.5,4553.59,4453.63,4543.56,1347494
2026-05-21,4543.56,4571.2,4488.84,4543.02,1430932
2026-05-22,4543.02,4546.09,4490.82,4504.78,1052467
2026-05-25,4504.78,4580.7,4504.78,4572.72,477631
2026-05-26,4572.72,4580.9,4482.22,4507.04,790279
2026-05-27,4507.04,4527.9,4401.63,4455.93,843072
2026-05-28,4455.93,4516.88,4366.29,4495.8,1769104
2026-05-29,4495.8,4595.78,4489.37,4543.87,849925
2026-06-01,4543.87,4546.59,4448.09,4484.98,733353
2026-06-02,4484.98,4542.1,4463.24,4489.82,602954
2026-06-03,4489.82,4497.22,4426.5,4434.71,767498
2026-06-04,4434.71,4515.88,4423.92,4475.33,1553444
2026-06-05,4475.33,4481.99,4312.09,4324.25,1274927
2026-06-08,4324.25,4353.79,4268.38,4329.8,1253072
2026-06-09,4329.8,4364,4236.59,4260.75,1379453
2026-06-10,4260.75,4260.75,4067.44,4071.72,1685008
2026-06-11,4071.72,4220.55,4023.89,4212.7,3654014
2026-06-12,4212.7,4246.91,4170.55,4213.85,1301327
2026-06-15,4213.85,4369.92,4213.85,4309.66,825268
2026-06-16,4309.66,4355.29,4306.14,4331.42,746718
2026-06-17,4331.42,4382.92,4219.1,4257.25,1097253
2026-06-18,4257.25,4330.3,4201.5,4209.5,2178802
2026-06-19,4209.5,4212.3,4122.03,4161.48,599232
2026-06-22,4161.48,4221.33,4136.53,4190.9,970728
2026-06-23,4190.9,4198.8,4091.04,4111.59,1031576
2026-06-24,4111.59,4115.38,3959.26,3998.94,1563600
2026-06-25,3998.94,4044.42,3966.63,4026.57,2443406
2026-06-26,4026.57,4096.39,3983.43,4070.82,1054567
2026-06-29,4070.82,4086.42,4000.35,4015.81,931596
2026-06-30,4015.81,4063.67,3942.14,4008.05,989150
2026-07-01,4008.05,4116.35,3960.3,4031.16,929188
2026-07-02,4031.16,4144.42,4031.07,4122.27,1097159
2026-07-03,4122.27,4195.84,4121.37,4174.86,503105
